Project URL,Module Path,Fully-Qualified Test Name,ParameterCombinations,CoveredInstructions,CoveredBranches,Passed,Failure,Errors,Skipped,CoveredInstructions_C,CoveredBranches_C,Passed_C,Failure_C,Errors_C,Skipped_C,CoverageChange
Hadoop,hadoop-yarn-project/hadoop-yarn/hadoop-yarn-server/hadoop-yarn-server-router,org.apache.hadoop.yarn.server.router.clientrm.TestFederationClientInterceptorRetry#testGetNewApplicationOneBadSC,,0,0,0,0,0,0,0,0,0,0,0,0,0
Hadoop,hadoop-yarn-project/hadoop-yarn/hadoop-yarn-server/hadoop-yarn-server-router,org.apache.hadoop.yarn.server.router.clientrm.TestFederationClientInterceptorRetry#testGetNewApplicationTwoBadSCs,,0,0,0,0,0,0,0,0,0,0,0,0,0
Hadoop,hadoop-yarn-project/hadoop-yarn/hadoop-yarn-server/hadoop-yarn-server-router,org.apache.hadoop.yarn.server.router.clientrm.TestFederationClientInterceptorRetry#testGetNewApplicationOneBadOneGood,,0,0,0,0,0,0,0,0,0,0,0,0,0
Hadoop,hadoop-yarn-project/hadoop-yarn/hadoop-yarn-server/hadoop-yarn-server-router,org.apache.hadoop.yarn.server.router.clientrm.TestFederationClientInterceptorRetry#testSubmitApplicationOneBadSC,,0,0,0,0,0,0,0,0,0,0,0,0,0
Hadoop,hadoop-yarn-project/hadoop-yarn/hadoop-yarn-server/hadoop-yarn-server-router,org.apache.hadoop.yarn.server.router.clientrm.TestFederationClientInterceptorRetry#testSubmitApplicationTwoBadSCs,,0,0,0,0,0,0,0,0,0,0,0,0,0
Hadoop,hadoop-yarn-project/hadoop-yarn/hadoop-yarn-server/hadoop-yarn-server-router,org.apache.hadoop.yarn.server.router.clientrm.TestFederationClientInterceptorRetry#testSubmitApplicationOneBadOneGood,,0,0,0,0,0,0,0,0,0,0,0,0,0
Hadoop,hadoop-yarn-project/hadoop-yarn/hadoop-yarn-server/hadoop-yarn-server-router,org.apache.hadoop.yarn.server.router.clientrm.TestFederationClientInterceptorRetry#testSubmitApplicationTwoBadOneGood,,0,0,0,0,0,0,0,0,0,0,0,0,0
Hadoop,hadoop-yarn-project/hadoop-yarn/hadoop-yarn-server/hadoop-yarn-server-router,org.apache.hadoop.yarn.server.router.clientrm.TestFederationClientInterceptorRetry#testSubmitApplicationTwoBadNodeWithRealError,,0,0,0,0,0,0,0,0,0,0,0,0,0
Hadoop,hadoop-yarn-project/hadoop-yarn/hadoop-yarn-server/hadoop-yarn-server-router,org.apache.hadoop.yarn.server.router.clientrm.TestFederationClientInterceptorRetry#testSubmitApplicationOneBadNodeWithRealError,,0,0,0,0,0,0,0,0,0,0,0,0,0
Hadoop,hadoop-yarn-project/hadoop-yarn/hadoop-yarn-server/hadoop-yarn-server-router,org.apache.hadoop.yarn.server.router.clientrm.TestFederationClientInterceptorRetry#testGetClusterMetricsTwoBadNodeWithRealError,,0,0,0,0,0,0,0,0,0,0,0,0,0
Hadoop,hadoop-yarn-project/hadoop-yarn/hadoop-yarn-server/hadoop-yarn-server-router,org.apache.hadoop.yarn.server.router.clientrm.TestFederationClientInterceptorRetry#testGetClusterMetricsOneBadNodeWithRealError,,0,0,0,0,0,0,0,0,0,0,0,0,0
Hadoop,hadoop-yarn-project/hadoop-yarn/hadoop-yarn-client,org.apache.hadoop.yarn.client.api.impl.TestAMRMClient#testAMRMClientNoMatchingRequests,2 x 2 = 4,591,39,3,0,0,0,591,39,4,0,0,0,0
Hadoop,hadoop-yarn-project/hadoop-yarn/hadoop-yarn-client,org.apache.hadoop.yarn.client.api.impl.TestAMRMClient#testAMRMClientMatchingFit,2 x 2 = 4,1769,146,3,0,0,0,1769,146,4,0,0,0,0
Hadoop,hadoop-yarn-project/hadoop-yarn/hadoop-yarn-client,org.apache.hadoop.yarn.client.api.impl.TestAMRMClient#testAMRMClientMatchingFitExecType,2 x 2 = 4,1585,125,3,0,0,0,1585,125,4,0,0,0,0
Hadoop,hadoop-yarn-project/hadoop-yarn/hadoop-yarn-client,org.apache.hadoop.yarn.client.api.impl.TestAMRMClient#testAMRMClientMatchingFitInferredRack,2 x 2 = 4,1503,108,3,0,0,0,1503,108,4,0,0,0,0
Hadoop,hadoop-yarn-project/hadoop-yarn/hadoop-yarn-client,org.apache.hadoop.yarn.client.api.impl.TestAMRMClient#testAllocationWithBlacklist,2 x 2 = 4,1599,116,3,0,0,0,1599,116,4,0,0,0,0
Hadoop,hadoop-yarn-project/hadoop-yarn/hadoop-yarn-client,org.apache.hadoop.yarn.client.api.impl.TestAMRMClient#testAMRMClientWithBlacklist,2 x 2 = 4,600,44,3,0,0,0,600,44,4,0,0,0,0
Hadoop,hadoop-yarn-project/hadoop-yarn/hadoop-yarn-client,org.apache.hadoop.yarn.client.api.impl.TestAMRMClient#testAMRMClient,2 x 2 = 4,1863,134,3,0,0,0,1863,134,4,0,0,0,0
Hadoop,hadoop-yarn-project/hadoop-yarn/hadoop-yarn-client,org.apache.hadoop.yarn.client.api.impl.TestAMRMClient#testAMRMClientAllocReqId,2 x 2 = 4,1752,121,3,0,0,0,1752,121,4,0,0,0,0
Hadoop,hadoop-yarn-project/hadoop-yarn/hadoop-yarn-client,org.apache.hadoop.yarn.client.api.impl.TestAMRMClient#testAMRMClientWithSaslEncryption,2 x 2 = 4,1879,137,3,0,0,0,1879,137,4,0,0,0,0
Hadoop,hadoop-yarn-project/hadoop-yarn/hadoop-yarn-client,org.apache.hadoop.yarn.client.api.impl.TestAMRMClient#testAskWithNodeLabels,2 x 2 = 4,1164,91,3,0,0,0,1164,91,4,0,0,0,0
Hadoop,hadoop-yarn-project/hadoop-yarn/hadoop-yarn-client,org.apache.hadoop.yarn.client.api.impl.TestAMRMClient#testAskWithInvalidNodeLabels,2 x 2 = 4,666,43,3,0,0,0,666,43,4,0,0,0,0
Hadoop,hadoop-yarn-project/hadoop-yarn/hadoop-yarn-client,org.apache.hadoop.yarn.client.api.impl.TestAMRMClient#testAMRMClientWithContainerResourceChange,2 x 2 = 4,2210,152,2,0,0,1,2210,152,2,0,0,2,0
Hadoop,hadoop-yarn-project/hadoop-yarn/hadoop-yarn-client,org.apache.hadoop.yarn.client.api.impl.TestAMRMClient#testAMRMContainerPromotionAndDemotionWithAutoUpdate,2 x 2 = 4,1935,119,3,0,0,0,1935,119,4,0,0,0,0
Hadoop,hadoop-yarn-project/hadoop-yarn/hadoop-yarn-client,org.apache.hadoop.yarn.client.api.impl.TestAMRMClient#testAMRMClientWithContainerPromotion,2 x 2 = 4,1939,119,3,0,0,0,1939,119,4,0,0,0,0
Hadoop,hadoop-yarn-project/hadoop-yarn/hadoop-yarn-client,org.apache.hadoop.yarn.client.api.impl.TestAMRMClient#testAMRMClientWithContainerDemotion,2 x 2 = 4,1940,118,3,0,0,0,1940,118,4,0,0,0,0
Hadoop,hadoop-yarn-project/hadoop-yarn/hadoop-yarn-client,org.apache.hadoop.yarn.client.api.impl.TestAMRMClient#testWaitFor,2 x 2 = 4,533,37,3,0,0,0,533,37,4,0,0,0,0
Hadoop,hadoop-yarn-project/hadoop-yarn/hadoop-yarn-client,org.apache.hadoop.yarn.client.api.impl.TestAMRMClient#testAMRMClientOnAMRMTokenRollOver,2 x 2 = 4,807,47,3,0,0,0,807,47,4,0,0,0,0
Hadoop,hadoop-yarn-project/hadoop-yarn/hadoop-yarn-client,org.apache.hadoop.yarn.client.api.impl.TestAMRMClient#testGetMatchingFitWithProfiles,2 x 2 = 4,1624,130,3,0,0,0,1624,130,4,0,0,0,0
Hadoop,hadoop-yarn-project/hadoop-yarn/hadoop-yarn-client,org.apache.hadoop.yarn.client.api.impl.TestAMRMClient#testNoUpdateTrackingUrl,2 x 2 = 4,756,45,3,0,0,0,756,45,4,0,0,0,0
Hadoop,hadoop-yarn-project/hadoop-yarn/hadoop-yarn-client,org.apache.hadoop.yarn.client.api.impl.TestAMRMClient#testUpdateTrackingUrl,2 x 2 = 4,771,45,3,0,0,0,771,45,4,0,0,0,0
Hadoop,hadoop-common-project/hadoop-common,org.apache.hadoop.io.erasurecode.rawcoder.TestDecodingValidator#testValidate,4 x 2 x 2 x 4 x 3 = 192,5952,280,4,0,0,2,5961,281,36,44,16,96,9
Hadoop,hadoop-common-project/hadoop-common,org.apache.hadoop.io.erasurecode.rawcoder.TestDecodingValidator#testValidateWithBadDecoding,4 x 2 x 2 x 4 x 3 = 192,5287,239,4,0,0,2,5296,240,36,44,16,96,9
Hadoop,hadoop-common-project/hadoop-common,org.apache.hadoop.ipc.TestProtoBufRpc#testProtoBufRpc,2 x 2 = 4,17273,1074,3,0,0,0,17275,1075,4,0,0,0,2
Hadoop,hadoop-common-project/hadoop-common,org.apache.hadoop.ipc.TestProtoBufRpc#testProtoBufRpc2,2 x 2 = 4,17865,1093,3,0,0,0,17867,1094,4,0,0,0,2
Hadoop,hadoop-common-project/hadoop-common,org.apache.hadoop.ipc.TestProtoBufRpc#testProtoBufRandomException,2 x 2 = 4,16929,1028,1,0,0,2,16954,1035,2,0,0,2,25
Hadoop,hadoop-common-project/hadoop-common,org.apache.hadoop.ipc.TestProtoBufRpc#testExtraLongRpc,2 x 2 = 4,16844,1036,1,0,0,2,16868,1041,2,0,0,2,24
Hadoop,hadoop-common-project/hadoop-common,org.apache.hadoop.ipc.TestProtoBufRpc#testLogSlowRPC,2 x 2 = 4,16890,1030,1,0,0,2,16914,1035,2,0,0,2,24
Hadoop,hadoop-common-project/hadoop-common,org.apache.hadoop.ipc.TestProtoBufRpc#testEnsureNoLogIfDisabled,2 x 2 = 4,16440,1010,1,0,0,2,16464,1015,2,0,0,2,24
Hadoop,hadoop-common-project/hadoop-common,org.apache.hadoop.ipc.TestSaslRPC#testDigestRpc,4 x 3 x 2 = 24,23144,1458,5,0,0,0,23433,1488,8,16,6,0,289
Hadoop,hadoop-common-project/hadoop-common,org.apache.hadoop.ipc.TestSaslRPC#testDigestRpcWithoutAnnotation,4 x 3 x 2 = 24,23098,1452,5,0,0,0,23387,1482,8,16,6,0,289
Hadoop,hadoop-common-project/hadoop-common,org.apache.hadoop.ipc.TestSaslRPC#testErrorMessage,4 x 3 x 2 = 24,20073,1200,5,0,0,0,20187,1212,24,6,0,0,114
Hadoop,hadoop-common-project/hadoop-common,org.apache.hadoop.ipc.TestSaslRPC#testPingInterval,4 x 3 x 2 = 24,5957,344,5,0,0,0,5957,344,30,0,0,0,0
Hadoop,hadoop-common-project/hadoop-common,org.apache.hadoop.ipc.TestSaslRPC#testPerConnectionConf,4 x 3 x 2 = 24,22692,1427,5,0,0,0,23104,1468,24,0,6,0,412
Hadoop,hadoop-common-project/hadoop-common,org.apache.hadoop.ipc.TestSaslRPC#testSaslPlainServer,4 x 3 x 2 = 24,5787,342,5,0,0,0,5787,342,30,0,0,0,0
Hadoop,hadoop-common-project/hadoop-common,org.apache.hadoop.ipc.TestSaslRPC#testSaslPlainServerBadPassword,4 x 3 x 2 = 24,5764,340,5,0,0,0,5764,340,30,0,0,0,0
Hadoop,hadoop-common-project/hadoop-common,org.apache.hadoop.ipc.TestSaslRPC#testSimpleServer,4 x 3 x 2 = 24,19571,1134,5,0,0,0,19595,1136,30,0,0,0,24
Hadoop,hadoop-common-project/hadoop-common,org.apache.hadoop.ipc.TestSaslRPC#testClientFallbackToSimpleAuthForASecondClient,4 x 3 x 2 = 24,18110,1122,5,0,0,0,18118,1122,30,0,0,0,8
Hadoop,hadoop-common-project/hadoop-common,org.apache.hadoop.ipc.TestSaslRPC#testNoClientFallbackToSimple,4 x 3 x 2 = 24,24625,1629,5,0,0,0,24625,1633,8,22,0,0,0
Hadoop,hadoop-common-project/hadoop-common,org.apache.hadoop.ipc.TestSaslRPC#testSimpleServerWithTokens,4 x 3 x 2 = 24,22988,1491,5,0,0,0,23812,1563,8,22,0,0,824
Hadoop,hadoop-common-project/hadoop-common,org.apache.hadoop.ipc.TestSaslRPC#testSimpleServerWithInvalidTokens,4 x 3 x 2 = 24,23405,1463,5,0,0,0,23529,1475,24,6,0,0,124
Hadoop,hadoop-common-project/hadoop-common,org.apache.hadoop.ipc.TestSaslRPC#testTokenOnlyServer,4 x 3 x 2 = 24,20265,1197,5,0,0,0,20265,1197,30,0,0,0,0
Hadoop,hadoop-common-project/hadoop-common,org.apache.hadoop.ipc.TestSaslRPC#testTokenOnlyServerWithTokens,4 x 3 x 2 = 24,22759,1419,5,0,0,0,23607,1489,8,22,0,0,848
Hadoop,hadoop-common-project/hadoop-common,org.apache.hadoop.ipc.TestSaslRPC#testTokenOnlyServerWithInvalidTokens,4 x 3 x 2 = 24,20354,1212,5,0,0,0,20468,1224,24,6,0,0,114
Hadoop,hadoop-common-project/hadoop-common,org.apache.hadoop.ipc.TestSaslRPC#testKerberosServer,4 x 3 x 2 = 24,20457,1218,5,0,0,0,20457,1218,30,0,0,0,0
Hadoop,hadoop-common-project/hadoop-common,org.apache.hadoop.ipc.TestSaslRPC#testKerberosServerWithTokens,4 x 3 x 2 = 24,23830,1517,5,0,0,0,23830,1517,8,22,0,0,0
Hadoop,hadoop-common-project/hadoop-common,org.apache.hadoop.ipc.TestSaslRPC#testKerberosServerWithInvalidTokens,4 x 3 x 2 = 24,20681,1252,5,0,0,0,20681,1252,24,6,0,0,0
Hadoop,hadoop-common-project/hadoop-common,org.apache.hadoop.ipc.TestSaslRPC#testSaslResponseOrdering,4 x 3 x 2 = 24,22584,1408,5,0,0,0,22995,1445,24,0,6,0,411
Hadoop,hadoop-common-project/hadoop-common,org.apache.hadoop.fs.statistics.TestIOStatisticsSetters#testCounter,3 x 3 x 2 = 18,626,21,3,0,0,0,627,22,9,9,0,0,1
Hadoop,hadoop-common-project/hadoop-common,org.apache.hadoop.fs.statistics.TestIOStatisticsSetters#testMaximum,3 x 3 x 2 = 18,615,21,3,0,0,0,615,21,18,0,0,0,0
Hadoop,hadoop-common-project/hadoop-common,org.apache.hadoop.fs.statistics.TestIOStatisticsSetters#testMinimum,3 x 3 x 2 = 18,615,21,3,0,0,0,615,21,18,0,0,0,0
Hadoop,hadoop-common-project/hadoop-common,org.apache.hadoop.fs.statistics.TestIOStatisticsSetters#testGauge,3 x 3 x 2 = 18,615,21,3,0,0,0,615,21,18,0,0,0,0
Hadoop,hadoop-common-project/hadoop-common,org.apache.hadoop.fs.statistics.TestIOStatisticsSetters#testMean,3 x 3 x 2 = 18,699,31,3,0,0,0,699,31,18,0,0,0,0
Hadoop,hadoop-common-project/hadoop-common,org.apache.hadoop.fs.contract.AbstractContractPathHandleTest#testIdent,,0,0,0,0,0,0,0,0,0,0,0,0,0
Hadoop,hadoop-common-project/hadoop-common,org.apache.hadoop.fs.contract.AbstractContractPathHandleTest#testChanged,,0,0,0,0,0,0,0,0,0,0,0,0,0
Hadoop,hadoop-common-project/hadoop-common,org.apache.hadoop.fs.contract.AbstractContractPathHandleTest#testMoved,,0,0,0,0,0,0,0,0,0,0,0,0,0
Hadoop,hadoop-common-project/hadoop-common,org.apache.hadoop.fs.contract.AbstractContractPathHandleTest#testChangedAndMoved,,0,0,0,0,0,0,0,0,0,0,0,0,0
Hadoop,hadoop-common-project/hadoop-common,org.apache.hadoop.fs.contract.AbstractContractPathHandleTest#testOpenFileApplyRead,,0,0,0,0,0,0,0,0,0,0,0,0,0
Hadoop,hadoop-common-project/hadoop-common,org.apache.hadoop.fs.contract.AbstractContractPathHandleTest#testOpenFileDelete,,0,0,0,0,0,0,0,0,0,0,0,0,0
Hadoop,hadoop-common-project/hadoop-common,org.apache.hadoop.fs.contract.AbstractContractPathHandleTest#testOpenFileLazyFail,,0,0,0,0,0,0,0,0,0,0,0,0,0
Hadoop,hadoop-common-project/hadoop-common,org.apache.hadoop.fs.contract.AbstractContractVectoredReadTest#testVectoredReadCapability,,0,0,0,0,0,0,0,0,0,0,0,0,0
Hadoop,hadoop-common-project/hadoop-common,org.apache.hadoop.fs.contract.AbstractContractVectoredReadTest#testVectoredReadMultipleRanges,,0,0,0,0,0,0,0,0,0,0,0,0,0
Hadoop,hadoop-common-project/hadoop-common,org.apache.hadoop.fs.contract.AbstractContractVectoredReadTest#testVectoredReadAndReadFully,,0,0,0,0,0,0,0,0,0,0,0,0,0
Hadoop,hadoop-common-project/hadoop-common,org.apache.hadoop.fs.contract.AbstractContractVectoredReadTest#testDisjointRanges,,0,0,0,0,0,0,0,0,0,0,0,0,0
Hadoop,hadoop-common-project/hadoop-common,org.apache.hadoop.fs.contract.AbstractContractVectoredReadTest#testAllRangesMergedIntoOne,,0,0,0,0,0,0,0,0,0,0,0,0,0
Hadoop,hadoop-common-project/hadoop-common,org.apache.hadoop.fs.contract.AbstractContractVectoredReadTest#testSomeRangesMergedSomeUnmerged,,0,0,0,0,0,0,0,0,0,0,0,0,0
Hadoop,hadoop-common-project/hadoop-common,org.apache.hadoop.fs.contract.AbstractContractVectoredReadTest#testOverlappingRanges,,0,0,0,0,0,0,0,0,0,0,0,0,0
Hadoop,hadoop-common-project/hadoop-common,org.apache.hadoop.fs.contract.AbstractContractVectoredReadTest#testSameRanges,,0,0,0,0,0,0,0,0,0,0,0,0,0
Hadoop,hadoop-common-project/hadoop-common,org.apache.hadoop.fs.contract.AbstractContractVectoredReadTest#testSomeRandomNonOverlappingRanges,,0,0,0,0,0,0,0,0,0,0,0,0,0
Hadoop,hadoop-common-project/hadoop-common,org.apache.hadoop.fs.contract.AbstractContractVectoredReadTest#testConsecutiveRanges,,0,0,0,0,0,0,0,0,0,0,0,0,0
Hadoop,hadoop-common-project/hadoop-common,org.apache.hadoop.fs.contract.AbstractContractVectoredReadTest#testEOFRanges,,0,0,0,0,0,0,0,0,0,0,0,0,0
Hadoop,hadoop-common-project/hadoop-common,org.apache.hadoop.fs.contract.AbstractContractVectoredReadTest#testNegativeLengthRange,,0,0,0,0,0,0,0,0,0,0,0,0,0
Hadoop,hadoop-common-project/hadoop-common,org.apache.hadoop.fs.contract.AbstractContractVectoredReadTest#testNegativeOffsetRange,,0,0,0,0,0,0,0,0,0,0,0,0,0
Hadoop,hadoop-common-project/hadoop-common,org.apache.hadoop.fs.contract.AbstractContractVectoredReadTest#testNormalReadAfterVectoredRead,,0,0,0,0,0,0,0,0,0,0,0,0,0
Hadoop,hadoop-common-project/hadoop-common,org.apache.hadoop.fs.contract.AbstractContractVectoredReadTest#testVectoredReadAfterNormalRead,,0,0,0,0,0,0,0,0,0,0,0,0,0
Hadoop,hadoop-common-project/hadoop-common,org.apache.hadoop.fs.contract.AbstractContractVectoredReadTest#testMultipleVectoredReads,,0,0,0,0,0,0,0,0,0,0,0,0,0
Hadoop,hadoop-common-project/hadoop-common,org.apache.hadoop.fs.contract.AbstractContractVectoredReadTest#testVectoredIOEndToEnd,,0,0,0,0,0,0,0,0,0,0,0,0,0
Hadoop,hadoop-common-project/hadoop-common,org.apache.hadoop.fs.TestLocalDirAllocator#test0,3 x 3 = 9,9375,614,3,0,0,0,9364,612,9,0,0,0,-11
Hadoop,hadoop-common-project/hadoop-common,org.apache.hadoop.fs.TestLocalDirAllocator#testROBufferDirAndRWBufferDir,3 x 3 = 9,9364,612,3,0,0,0,9364,612,9,0,0,0,0
Hadoop,hadoop-common-project/hadoop-common,org.apache.hadoop.fs.TestLocalDirAllocator#testDirsNotExist,3 x 3 = 9,9366,604,3,0,0,0,9366,604,9,0,0,0,0
Hadoop,hadoop-common-project/hadoop-common,org.apache.hadoop.fs.TestLocalDirAllocator#testRWBufferDirBecomesRO,3 x 3 = 9,9403,612,3,0,0,0,9086,596,9,0,0,0,-317
Hadoop,hadoop-common-project/hadoop-common,org.apache.hadoop.fs.TestLocalDirAllocator#testCreateManyFiles,3 x 3 = 9,9382,609,3,0,0,0,9357,607,9,0,0,0,-25
Hadoop,hadoop-common-project/hadoop-common,org.apache.hadoop.fs.TestLocalDirAllocator#testCreateManyFilesRandom,3 x 3 = 9,9038,593,3,0,0,0,9355,609,9,0,0,0,317
Hadoop,hadoop-common-project/hadoop-common,org.apache.hadoop.fs.TestLocalDirAllocator#testLocalPathForWriteDirCreation,3 x 3 = 9,9328,616,3,0,0,0,9328,616,9,0,0,0,0
Hadoop,hadoop-common-project/hadoop-common,org.apache.hadoop.fs.TestLocalDirAllocator#testShouldNotthrowNPE,3 x 3 = 9,7816,484,3,0,0,0,7816,484,9,0,0,0,0
Hadoop,hadoop-common-project/hadoop-common,org.apache.hadoop.fs.TestLocalDirAllocator#testNoSideEffects,3 x 3 = 9,9304,591,3,0,0,0,9304,591,9,0,0,0,0
Hadoop,hadoop-common-project/hadoop-common,org.apache.hadoop.fs.TestLocalDirAllocator#testGetLocalPathToRead,3 x 3 = 9,9411,621,3,0,0,0,9411,621,9,0,0,0,0
Hadoop,hadoop-common-project/hadoop-common,org.apache.hadoop.fs.TestLocalDirAllocator#testGetAllLocalPathsToRead,3 x 3 = 9,10565,668,3,0,0,0,10280,652,9,0,0,0,-285
Hadoop,hadoop-common-project/hadoop-common,org.apache.hadoop.fs.TestLocalDirAllocator#testRemoveContext,3 x 3 = 9,9319,603,3,0,0,0,9319,603,9,0,0,0,0
Hadoop,hadoop-common-project/hadoop-common,org.apache.hadoop.fs.TestLocalDirAllocator#testGetLocalPathForWriteForInvalidPaths,3 x 3 = 9,7757,480,3,0,0,0,7440,464,9,0,0,0,-317
Hadoop,hadoop-common-project/hadoop-common,org.apache.hadoop.fs.TestLocalDirAllocator#testGetLocalPathForWriteForLessSpace,3 x 3 = 9,9122,572,3,0,0,0,9381,604,9,0,0,0,259
Hadoop,hadoop-common-project/hadoop-common,org.apache.hadoop.fs.TestLocalDirAllocator#testDirectoryRecovery,3 x 3 = 9,9272,597,3,0,0,0,9284,604,9,0,0,0,12
Hadoop,hadoop-mapreduce-project/hadoop-mapreduce-client/hadoop-mapreduce-client-nativetask,org.apache.hadoop.mapred.nativetask.kvtest.KVTest#testKVCompability,10 x 11 = 110,0,0,0,0,0,21,0,0,0,0,0,110,0
Hadoop,hadoop-mapreduce-project/hadoop-mapreduce-client/hadoop-mapreduce-client-jobclient,org.apache.hadoop.mapreduce.TestMRIntermediateDataEncryption#testWordCount,4 x 3 x 2 x 2 = 48,11,1,4,0,0,0,11,1,48,0,0,0,0
Hadoop,hadoop-mapreduce-project/hadoop-mapreduce-client/hadoop-mapreduce-client-jobclient,org.apache.hadoop.mapreduce.v2.TestSpeculativeExecOnCluster#testExecDynamicSlowingSpeculative,,0,0,0,0,0,1,0,0,0,0,0,1,0
Hadoop,hadoop-mapreduce-project/hadoop-mapreduce-client/hadoop-mapreduce-client-jobclient,org.apache.hadoop.mapreduce.v2.TestSpeculativeExecOnCluster#testExecSlowNonSpeculative,,0,0,0,0,0,1,0,0,0,0,0,1,0
Hadoop,hadoop-mapreduce-project/hadoop-mapreduce-client/hadoop-mapreduce-client-jobclient,org.apache.hadoop.mapreduce.v2.TestSpeculativeExecOnCluster#testExecStepStalledSpeculative,,0,0,0,0,0,1,0,0,0,0,0,1,0
Hadoop,hadoop-mapreduce-project/hadoop-mapreduce-client/hadoop-mapreduce-client-jobclient,org.apache.hadoop.mapreduce.v2.TestSpeculativeExecOnCluster#testExecStalledSpeculative,,0,0,0,0,0,1,0,0,0,0,0,1,0
Hadoop,hadoop-mapreduce-project/hadoop-mapreduce-client/hadoop-mapreduce-client-jobclient,org.apache.hadoop.mapreduce.v2.TestSpeculativeExecOnCluster#testExecNonSpeculative,,0,0,0,0,0,1,0,0,0,0,0,1,0
Hadoop,hadoop-tools/hadoop-aws,org.apache.hadoop.fs.contract.s3a.ITestS3AContractSeek#testReadPolicyInFS,3 x 3 = 9,0,0,0,0,3,0,0,0,0,0,9,0,0
Hadoop,hadoop-tools/hadoop-aws,org.apache.hadoop.fs.contract.s3a.ITestS3AContractSeek#testReadAcrossReadahead,3 x 3 = 9,0,0,0,0,3,0,0,0,0,0,9,0,0
Hadoop,hadoop-tools/hadoop-aws,org.apache.hadoop.fs.contract.s3a.ITestS3AContractSeek#testReadSingleByteAcrossReadahead,3 x 3 = 9,0,0,0,0,3,0,0,0,0,0,9,0,0
Hadoop,hadoop-tools/hadoop-aws,org.apache.hadoop.fs.contract.s3a.ITestS3AContractSeek#testSeekToReadaheadAndRead,3 x 3 = 9,0,0,0,0,3,0,0,0,0,0,9,0,0
Hadoop,hadoop-tools/hadoop-aws,org.apache.hadoop.fs.contract.s3a.ITestS3AContractSeek#testSeekToReadaheadExactlyAndRead,3 x 3 = 9,0,0,0,0,3,0,0,0,0,0,9,0,0
Hadoop,hadoop-tools/hadoop-aws,org.apache.hadoop.fs.contract.s3a.ITestS3AContractSeek#testSeekToReadaheadExactlyAndReadByte,3 x 3 = 9,0,0,0,0,3,0,0,0,0,0,9,0,0
Hadoop,hadoop-tools/hadoop-aws,org.apache.hadoop.fs.s3a.commit.staging.TestStagingCommitter#testUUIDPropagation,3 x 2 = 6,4432,66,3,0,0,0,4432,66,6,0,0,0,0
Hadoop,hadoop-tools/hadoop-aws,org.apache.hadoop.fs.s3a.commit.staging.TestStagingCommitter#testUUIDValidation,3 x 2 = 6,4423,67,3,0,0,0,4423,67,6,0,0,0,0
Hadoop,hadoop-tools/hadoop-aws,org.apache.hadoop.fs.s3a.commit.staging.TestStagingCommitter#testUUIDLoadOrdering,3 x 2 = 6,4420,64,3,0,0,0,4420,64,6,0,0,0,0
Hadoop,hadoop-tools/hadoop-aws,org.apache.hadoop.fs.s3a.commit.staging.TestStagingCommitter#testJobIDIsUUID,3 x 2 = 6,4443,68,3,0,0,0,4443,68,6,0,0,0,0
Hadoop,hadoop-tools/hadoop-aws,org.apache.hadoop.fs.s3a.commit.staging.TestStagingCommitter#testSelfGeneratedUUID,3 x 2 = 6,4449,68,3,0,0,0,4449,68,6,0,0,0,0
Hadoop,hadoop-tools/hadoop-aws,org.apache.hadoop.fs.s3a.commit.staging.TestStagingCommitter#testAttemptPathConstructionNoSchema,3 x 2 = 6,4399,64,3,0,0,0,4399,64,6,0,0,0,0
Hadoop,hadoop-tools/hadoop-aws,org.apache.hadoop.fs.s3a.commit.staging.TestStagingCommitter#testAttemptPathsDifferentByTaskAttempt,3 x 2 = 6,4399,64,3,0,0,0,4399,64,6,0,0,0,0
Hadoop,hadoop-tools/hadoop-aws,org.apache.hadoop.fs.s3a.commit.staging.TestStagingCommitter#testAttemptPathConstructionWithSchema,3 x 2 = 6,4399,64,3,0,0,0,4399,64,6,0,0,0,0
Hadoop,hadoop-tools/hadoop-aws,org.apache.hadoop.fs.s3a.commit.staging.TestStagingCommitter#testAttemptPathConstructionWrongSchema,3 x 2 = 6,4409,65,3,0,0,0,4409,65,6,0,0,0,0
Hadoop,hadoop-tools/hadoop-aws,org.apache.hadoop.fs.s3a.commit.staging.TestStagingCommitter#testCommitPathConstruction,3 x 2 = 6,4452,64,3,0,0,0,4452,64,6,0,0,0,0
Hadoop,hadoop-tools/hadoop-aws,org.apache.hadoop.fs.s3a.commit.staging.TestStagingCommitter#testSingleTaskCommit,3 x 2 = 6,6488,125,3,0,0,0,6488,125,6,0,0,0,0
Hadoop,hadoop-tools/hadoop-aws,org.apache.hadoop.fs.s3a.commit.staging.TestStagingCommitter#testSingleTaskEmptyFileCommit,3 x 2 = 6,6540,126,3,0,0,0,6540,126,6,0,0,0,0
Hadoop,hadoop-tools/hadoop-aws,org.apache.hadoop.fs.s3a.commit.staging.TestStagingCommitter#testSingleTaskMultiFileCommit,3 x 2 = 6,6460,124,3,0,0,0,6460,124,6,0,0,0,0
Hadoop,hadoop-tools/hadoop-aws,org.apache.hadoop.fs.s3a.commit.staging.TestStagingCommitter#testTaskInitializeFailure,3 x 2 = 6,6533,133,3,0,0,0,6533,133,6,0,0,0,0
Hadoop,hadoop-tools/hadoop-aws,org.apache.hadoop.fs.s3a.commit.staging.TestStagingCommitter#testTaskSingleFileUploadFailure,3 x 2 = 6,6297,124,3,0,0,0,6297,124,6,0,0,0,0
Hadoop,hadoop-tools/hadoop-aws,org.apache.hadoop.fs.s3a.commit.staging.TestStagingCommitter#testTaskMultiFileUploadFailure,3 x 2 = 6,6545,133,3,0,0,0,6545,133,6,0,0,0,0
Hadoop,hadoop-tools/hadoop-aws,org.apache.hadoop.fs.s3a.commit.staging.TestStagingCommitter#testTaskUploadAndAbortFailure,3 x 2 = 6,6497,133,3,0,0,0,6497,133,6,0,0,0,0
Hadoop,hadoop-tools/hadoop-aws,org.apache.hadoop.fs.s3a.commit.staging.TestStagingCommitter#testSingleTaskAbort,3 x 2 = 6,4636,67,3,0,0,0,4636,67,6,0,0,0,0
Hadoop,hadoop-tools/hadoop-aws,org.apache.hadoop.fs.s3a.commit.staging.TestStagingCommitter#testJobCommit,3 x 2 = 6,7547,148,3,0,0,0,7547,148,6,0,0,0,0
Hadoop,hadoop-tools/hadoop-aws,org.apache.hadoop.fs.s3a.commit.staging.TestStagingCommitter#testJobCommitFailure,3 x 2 = 6,8304,175,3,0,0,0,8304,175,6,0,0,0,0
Hadoop,hadoop-tools/hadoop-aws,org.apache.hadoop.fs.s3a.commit.staging.TestStagingCommitter#testJobAbort,3 x 2 = 6,7152,142,3,0,0,0,7152,142,6,0,0,0,0
Hadoop,hadoop-tools/hadoop-aws,org.apache.hadoop.fs.s3a.impl.TestDirectoryMarkerPolicy#testNonAuthPath,3 x 2 x 2 x 2 = 24,108,7,3,0,0,0,133,7,10,10,4,0,25
Hadoop,hadoop-tools/hadoop-aws,org.apache.hadoop.fs.s3a.impl.TestDirectoryMarkerPolicy#testAuthPath,3 x 2 x 2 x 2 = 24,108,7,3,0,0,0,133,7,10,10,4,0,25
Hadoop,hadoop-tools/hadoop-aws,org.apache.hadoop.fs.s3a.impl.TestDirectoryMarkerPolicy#testDeepAuthPath,3 x 2 x 2 x 2 = 24,108,7,3,0,0,0,133,7,10,10,4,0,25
Hadoop,hadoop-tools/hadoop-aws,org.apache.hadoop.fs.s3a.scale.ILoadTestS3ABulkDeleteThrottling#test_010_Reset,2 x 2 x 2 = 8,0,0,0,0,4,0,0,0,0,0,8,0,0
Hadoop,hadoop-tools/hadoop-aws,org.apache.hadoop.fs.s3a.scale.ILoadTestS3ABulkDeleteThrottling#test_020_DeleteThrottling,2 x 2 x 2 = 8,0,0,0,0,4,0,0,0,0,0,8,0,0
Hadoop,hadoop-tools/hadoop-aws,org.apache.hadoop.fs.s3a.scale.ILoadTestS3ABulkDeleteThrottling#test_030_Sleep,2 x 2 x 2 = 8,0,0,0,0,4,0,0,0,0,0,8,0,0
Hadoop,hadoop-tools/hadoop-aws,org.apache.hadoop.fs.s3a.ITestS3AFileOperationCost#testCostOfLocatedFileStatusOnFile,2 x 2 = 4,60,1,0,0,2,0,60,1,0,0,4,0,0
Hadoop,hadoop-tools/hadoop-aws,org.apache.hadoop.fs.s3a.ITestS3AFileOperationCost#testCostOfListLocatedStatusOnEmptyDir,2 x 2 = 4,60,1,0,0,2,0,60,1,0,0,4,0,0
Hadoop,hadoop-tools/hadoop-aws,org.apache.hadoop.fs.s3a.ITestS3AFileOperationCost#testCostOfListLocatedStatusOnNonEmptyDir,2 x 2 = 4,60,1,0,0,2,0,60,1,0,0,4,0,0
Hadoop,hadoop-tools/hadoop-aws,org.apache.hadoop.fs.s3a.ITestS3AFileOperationCost#testCostOfListFilesOnFile,2 x 2 = 4,60,1,0,0,2,0,60,1,0,0,4,0,0
Hadoop,hadoop-tools/hadoop-aws,org.apache.hadoop.fs.s3a.ITestS3AFileOperationCost#testCostOfListFilesOnEmptyDir,2 x 2 = 4,60,1,0,0,2,0,60,1,0,0,4,0,0
Hadoop,hadoop-tools/hadoop-aws,org.apache.hadoop.fs.s3a.ITestS3AFileOperationCost#testCostOfListFilesOnNonEmptyDir,2 x 2 = 4,60,1,0,0,2,0,60,1,0,0,4,0,0
Hadoop,hadoop-tools/hadoop-aws,org.apache.hadoop.fs.s3a.ITestS3AFileOperationCost#testCostOfListFilesOnNonExistingDir,2 x 2 = 4,60,1,0,0,2,0,60,1,0,0,4,0,0
Hadoop,hadoop-tools/hadoop-aws,org.apache.hadoop.fs.s3a.ITestS3AFileOperationCost#testCostOfListStatusOnFile,2 x 2 = 4,60,1,0,0,2,0,60,1,0,0,4,0,0
Hadoop,hadoop-tools/hadoop-aws,org.apache.hadoop.fs.s3a.ITestS3AFileOperationCost#testCostOfListStatusOnEmptyDir,2 x 2 = 4,60,1,0,0,2,0,60,1,0,0,4,0,0
Hadoop,hadoop-tools/hadoop-aws,org.apache.hadoop.fs.s3a.ITestS3AFileOperationCost#testCostOfListStatusOnNonEmptyDir,2 x 2 = 4,60,1,0,0,2,0,60,1,0,0,4,0,0
Hadoop,hadoop-tools/hadoop-aws,org.apache.hadoop.fs.s3a.ITestS3AFileOperationCost#testCostOfGetFileStatusOnFile,2 x 2 = 4,60,1,0,0,2,0,60,1,0,0,4,0,0
Hadoop,hadoop-tools/hadoop-aws,org.apache.hadoop.fs.s3a.ITestS3AFileOperationCost#testCostOfGetFileStatusOnEmptyDir,2 x 2 = 4,60,1,0,0,2,0,60,1,0,0,4,0,0
Hadoop,hadoop-tools/hadoop-aws,org.apache.hadoop.fs.s3a.ITestS3AFileOperationCost#testCostOfGetFileStatusOnMissingFile,2 x 2 = 4,60,1,0,0,2,0,60,1,0,0,4,0,0
Hadoop,hadoop-tools/hadoop-aws,org.apache.hadoop.fs.s3a.ITestS3AFileOperationCost#testCostOfRootFileStatus,2 x 2 = 4,60,1,0,0,2,0,60,1,0,0,4,0,0
Hadoop,hadoop-tools/hadoop-aws,org.apache.hadoop.fs.s3a.ITestS3AFileOperationCost#testIsDirIsFileMissingPath,2 x 2 = 4,60,1,0,0,2,0,60,1,0,0,4,0,0
Hadoop,hadoop-tools/hadoop-aws,org.apache.hadoop.fs.s3a.ITestS3AFileOperationCost#testCostOfGetFileStatusOnNonEmptyDir,2 x 2 = 4,60,1,0,0,2,0,60,1,0,0,4,0,0
Hadoop,hadoop-tools/hadoop-aws,org.apache.hadoop.fs.s3a.ITestS3AFileOperationCost#testCostOfCopyFromLocalFile,2 x 2 = 4,60,1,0,0,2,0,60,1,0,0,4,0,0
Hadoop,hadoop-tools/hadoop-aws,org.apache.hadoop.fs.s3a.ITestS3AFileOperationCost#testDirProbes,2 x 2 = 4,60,1,0,0,2,0,60,1,0,0,4,0,0
Hadoop,hadoop-tools/hadoop-aws,org.apache.hadoop.fs.s3a.ITestS3AFileOperationCost#testNeedEmptyDirectoryProbeRequiresList,2 x 2 = 4,60,1,0,0,2,0,60,1,0,0,4,0,0
Hadoop,hadoop-tools/hadoop-aws,org.apache.hadoop.fs.s3a.ITestS3AFileOperationCost#testCostOfGlobStatus,2 x 2 = 4,60,1,0,0,2,0,60,1,0,0,4,0,0
Hadoop,hadoop-tools/hadoop-aws,org.apache.hadoop.fs.s3a.ITestS3AFileOperationCost#testCostOfGlobStatusNoSymlinkResolution,2 x 2 = 4,60,1,0,0,2,0,60,1,0,0,4,0,0
Hadoop,hadoop-tools/hadoop-aws,org.apache.hadoop.fs.s3a.auth.delegation.ITestDelegatedMRJob#testCommonCrawlLookup,3 x 3 x 3 = 27,76,1,0,0,3,0,76,1,0,0,27,0,0
Hadoop,hadoop-tools/hadoop-aws,org.apache.hadoop.fs.s3a.auth.delegation.ITestDelegatedMRJob#testJobSubmissionCollectsTokens,3 x 3 x 3 = 27,76,1,0,0,3,0,76,1,0,0,27,0,0
Hadoop,hadoop-tools/hadoop-aws,org.apache.hadoop.fs.s3a.ITestS3AEncryptionSSEC#testCreateFileAndReadWithDifferentEncryptionKey,2 x 2 = 4,0,0,0,0,2,0,0,0,0,0,4,0,0
Hadoop,hadoop-tools/hadoop-aws,org.apache.hadoop.fs.s3a.ITestS3AEncryptionSSEC#testCreateSubdirWithDifferentKey,2 x 2 = 4,0,0,0,0,2,0,0,0,0,0,4,0,0
Hadoop,hadoop-tools/hadoop-aws,org.apache.hadoop.fs.s3a.ITestS3AEncryptionSSEC#testCreateFileThenMoveWithDifferentSSECKey,2 x 2 = 4,0,0,0,0,2,0,0,0,0,0,4,0,0
Hadoop,hadoop-tools/hadoop-aws,org.apache.hadoop.fs.s3a.ITestS3AEncryptionSSEC#testRenameFile,2 x 2 = 4,0,0,0,0,2,0,0,0,0,0,4,0,0
Hadoop,hadoop-tools/hadoop-aws,org.apache.hadoop.fs.s3a.ITestS3AEncryptionSSEC#testListEncryptedDir,2 x 2 = 4,0,0,0,0,2,0,0,0,0,0,4,0,0
Hadoop,hadoop-tools/hadoop-aws,org.apache.hadoop.fs.s3a.ITestS3AEncryptionSSEC#testListStatusEncryptedDir,2 x 2 = 4,0,0,0,0,2,0,0,0,0,0,4,0,0
Hadoop,hadoop-tools/hadoop-aws,org.apache.hadoop.fs.s3a.ITestS3AEncryptionSSEC#testListStatusEncryptedFile,2 x 2 = 4,0,0,0,0,2,0,0,0,0,0,4,0,0
Hadoop,hadoop-tools/hadoop-aws,org.apache.hadoop.fs.s3a.ITestS3AEncryptionSSEC#testDeleteEncryptedObjectWithDifferentKey,2 x 2 = 4,0,0,0,0,2,0,0,0,0,0,4,0,0
Hadoop,hadoop-tools/hadoop-aws,org.apache.hadoop.fs.s3a.ITestS3AEncryptionSSEC#testChecksumRequiresReadAccess,2 x 2 = 4,0,0,0,0,2,0,0,0,0,0,4,0,0
Hadoop,hadoop-tools/hadoop-aws,org.apache.hadoop.fs.s3a.TestS3AInputPolicies#testInputPolicies,3 x 3 x 6 x 2 x 3 x 5 = 1620,93,5,14,0,0,0,93,5,308,1312,0,0,0
Hadoop,hadoop-tools/hadoop-aws,org.apache.hadoop.fs.s3a.performance.ITestS3AMkdirCost#testMkdirOverDir,2 x 2 = 4,60,1,0,0,2,0,60,1,0,0,4,0,0
Hadoop,hadoop-tools/hadoop-aws,org.apache.hadoop.fs.s3a.performance.ITestS3AMkdirCost#testMkdirWithParent,2 x 2 = 4,60,1,0,0,2,0,60,1,0,0,4,0,0
Hadoop,hadoop-tools/hadoop-aws,org.apache.hadoop.fs.s3a.performance.ITestS3AMkdirCost#testMkdirWithGrandparent,2 x 2 = 4,60,1,0,0,2,0,60,1,0,0,4,0,0
Hadoop,hadoop-tools/hadoop-aws,org.apache.hadoop.fs.s3a.performance.ITestS3AMkdirCost#testMkdirOverFile,2 x 2 = 4,60,1,0,0,2,0,60,1,0,0,4,0,0
Hadoop,hadoop-tools/hadoop-aws,org.apache.hadoop.fs.s3a.performance.ITestS3AMiscOperationCost#testMkdirOverDir,2 x 2 x 2 = 8,60,1,0,0,2,0,60,1,0,0,8,0,0
Hadoop,hadoop-tools/hadoop-aws,org.apache.hadoop.fs.s3a.performance.ITestS3AMiscOperationCost#testGetContentSummaryRoot,2 x 2 x 2 = 8,60,1,0,0,2,0,60,1,0,0,8,0,0
Hadoop,hadoop-tools/hadoop-aws,org.apache.hadoop.fs.s3a.performance.ITestS3AMiscOperationCost#testGetContentSummaryDir,2 x 2 x 2 = 8,60,1,0,0,2,0,60,1,0,0,8,0,0
Hadoop,hadoop-tools/hadoop-aws,org.apache.hadoop.fs.s3a.performance.ITestS3AMiscOperationCost#testGetContentMissingPath,2 x 2 x 2 = 8,60,1,0,0,2,0,60,1,0,0,8,0,0
Hadoop,hadoop-tools/hadoop-aws,org.apache.hadoop.fs.s3a.performance.ITestS3ADeleteCost#testDeleteSingleFileInDir,2 x 2 = 4,60,1,0,0,2,0,60,1,0,0,4,0,0
Hadoop,hadoop-tools/hadoop-aws,org.apache.hadoop.fs.s3a.performance.ITestS3ADeleteCost#testDeleteFileInDir,2 x 2 = 4,60,1,0,0,2,0,60,1,0,0,4,0,0
Hadoop,hadoop-tools/hadoop-aws,org.apache.hadoop.fs.s3a.performance.ITestS3ADeleteCost#testDirMarkersSubdir,2 x 2 = 4,60,1,0,0,2,0,60,1,0,0,4,0,0
Hadoop,hadoop-tools/hadoop-aws,org.apache.hadoop.fs.s3a.performance.ITestS3ADeleteCost#testDirMarkersFileCreation,2 x 2 = 4,60,1,0,0,2,0,60,1,0,0,4,0,0
Hadoop,hadoop-tools/hadoop-aws,org.apache.hadoop.fs.s3a.performance.ITestDirectoryMarkerListing#testMarkerExists,2 x 2 = 4,60,1,0,0,2,0,60,1,0,0,4,0,0
Hadoop,hadoop-tools/hadoop-aws,org.apache.hadoop.fs.s3a.performance.ITestDirectoryMarkerListing#testObjectUnderMarker,2 x 2 = 4,60,1,0,0,2,0,60,1,0,0,4,0,0
Hadoop,hadoop-tools/hadoop-aws,org.apache.hadoop.fs.s3a.performance.ITestDirectoryMarkerListing#testListStatusMarkerDir,2 x 2 = 4,60,1,0,0,2,0,60,1,0,0,4,0,0
Hadoop,hadoop-tools/hadoop-aws,org.apache.hadoop.fs.s3a.performance.ITestDirectoryMarkerListing#testListFilesMarkerDirFlat,2 x 2 = 4,60,1,0,0,2,0,60,1,0,0,4,0,0
Hadoop,hadoop-tools/hadoop-aws,org.apache.hadoop.fs.s3a.performance.ITestDirectoryMarkerListing#testListFilesMarkerDirRecursive,2 x 2 = 4,60,1,0,0,2,0,60,1,0,0,4,0,0
Hadoop,hadoop-tools/hadoop-aws,org.apache.hadoop.fs.s3a.performance.ITestDirectoryMarkerListing#testListStatusBaseDirRecursive,2 x 2 = 4,60,1,0,0,2,0,60,1,0,0,4,0,0
Hadoop,hadoop-tools/hadoop-aws,org.apache.hadoop.fs.s3a.performance.ITestDirectoryMarkerListing#testGlobStatusBaseDirRecursive,2 x 2 = 4,60,1,0,0,2,0,60,1,0,0,4,0,0
Hadoop,hadoop-tools/hadoop-aws,org.apache.hadoop.fs.s3a.performance.ITestDirectoryMarkerListing#testGlobStatusMarkerDir,2 x 2 = 4,60,1,0,0,2,0,60,1,0,0,4,0,0
Hadoop,hadoop-tools/hadoop-aws,org.apache.hadoop.fs.s3a.performance.ITestDirectoryMarkerListing#testListLocatedStatusBaseDir,2 x 2 = 4,60,1,0,0,2,0,60,1,0,0,4,0,0
Hadoop,hadoop-tools/hadoop-aws,org.apache.hadoop.fs.s3a.performance.ITestDirectoryMarkerListing#testListLocatedStatusMarkerDir,2 x 2 = 4,60,1,0,0,2,0,60,1,0,0,4,0,0
Hadoop,hadoop-tools/hadoop-aws,org.apache.hadoop.fs.s3a.performance.ITestDirectoryMarkerListing#testCreateNoOverwriteMarkerDir,2 x 2 = 4,60,1,0,0,2,0,60,1,0,0,4,0,0
Hadoop,hadoop-tools/hadoop-aws,org.apache.hadoop.fs.s3a.performance.ITestDirectoryMarkerListing#testCreateNoOverwriteFile,2 x 2 = 4,60,1,0,0,2,0,60,1,0,0,4,0,0
Hadoop,hadoop-tools/hadoop-aws,org.apache.hadoop.fs.s3a.performance.ITestDirectoryMarkerListing#testCreateFileNoOverwrite,2 x 2 = 4,60,1,0,0,2,0,60,1,0,0,4,0,0
Hadoop,hadoop-tools/hadoop-aws,org.apache.hadoop.fs.s3a.performance.ITestDirectoryMarkerListing#testDelete,2 x 2 = 4,60,1,0,0,2,0,60,1,0,0,4,0,0
Hadoop,hadoop-tools/hadoop-aws,org.apache.hadoop.fs.s3a.performance.ITestDirectoryMarkerListing#testRenameBase,2 x 2 = 4,60,1,0,0,2,0,60,1,0,0,4,0,0
Hadoop,hadoop-tools/hadoop-aws,org.apache.hadoop.fs.s3a.performance.ITestDirectoryMarkerListing#testRenameUnderMarkerDir,2 x 2 = 4,60,1,0,0,2,0,60,1,0,0,4,0,0
Hadoop,hadoop-tools/hadoop-aws,org.apache.hadoop.fs.s3a.performance.ITestDirectoryMarkerListing#testRenameUnderMarkerWithPath,2 x 2 = 4,60,1,0,0,2,0,60,1,0,0,4,0,0
Hadoop,hadoop-tools/hadoop-aws,org.apache.hadoop.fs.s3a.performance.ITestDirectoryMarkerListing#testRenameEmptyDirOverMarker,2 x 2 = 4,60,1,0,0,2,0,60,1,0,0,4,0,0
Hadoop,hadoop-tools/hadoop-aws,org.apache.hadoop.fs.s3a.performance.ITestS3ARenameCost#testRenameFileToDifferentDirectory,2 x 2 = 4,60,1,0,0,2,0,60,1,0,0,4,0,0
Hadoop,hadoop-tools/hadoop-aws,org.apache.hadoop.fs.s3a.performance.ITestS3ARenameCost#testRenameSameDirectory,2 x 2 = 4,60,1,0,0,2,0,60,1,0,0,4,0,0
Hadoop,hadoop-tools/hadoop-aws,org.apache.hadoop.fs.s3a.performance.ITestS3ARenameCost#testCostOfRootFileRename,2 x 2 = 4,60,1,0,0,2,0,60,1,0,0,4,0,0
Hadoop,hadoop-tools/hadoop-aws,org.apache.hadoop.fs.s3a.performance.ITestS3ARenameCost#testCostOfRootFileDelete,2 x 2 = 4,60,1,0,0,2,0,60,1,0,0,4,0,0
Hadoop,hadoop-tools/hadoop-sls,org.apache.hadoop.yarn.sls.TestSLSStreamAMSynth#testSimulatorRunning,2 x 1 x 1 x 2 = 4,6980,304,1,0,0,0,9132,425,2,0,0,0,2152
Hadoop,hadoop-tools/hadoop-sls,org.apache.hadoop.yarn.sls.nodemanager.TestNMSimulator#testNMSimulator,2 x 2 = 4,684,17,2,0,0,0,684,17,4,0,0,0,0
Hadoop,hadoop-tools/hadoop-sls,org.apache.hadoop.yarn.sls.nodemanager.TestNMSimulator#testNMSimAppAddedAndRemoved,2 x 2 = 4,680,18,2,0,0,0,680,18,4,0,0,0,0
Hadoop,hadoop-tools/hadoop-sls,org.apache.hadoop.yarn.sls.nodemanager.TestNMSimulator#testNMSimNullAppAddedAndRemoved,2 x 2 = 4,641,17,2,0,0,0,641,17,4,0,0,0,0
Hadoop,hadoop-tools/hadoop-sls,org.apache.hadoop.yarn.sls.appmaster.TestAMSimulator#testAMSimulator,2 x 2 = 4,2386,77,2,0,0,0,2395,72,3,1,0,0,9
Hadoop,hadoop-tools/hadoop-sls,org.apache.hadoop.yarn.sls.appmaster.TestAMSimulator#testAMSimulatorWithNodeLabels,2 x 2 = 4,2182,64,2,0,0,0,2341,64,4,0,0,0,159
Hadoop,hadoop-tools/hadoop-sls,org.apache.hadoop.yarn.sls.appmaster.TestAMSimulator#testPackageRequests,2 x 2 = 4,2210,71,2,0,0,0,2190,64,4,0,0,0,-20
Hadoop,hadoop-tools/hadoop-sls,org.apache.hadoop.yarn.sls.appmaster.TestAMSimulator#testAMSimulatorRanNodesCleared,2 x 2 = 4,2116,70,2,0,0,0,2120,70,4,0,0,0,4
Hadoop,hadoop-tools/hadoop-sls,org.apache.hadoop.yarn.sls.TestSLSRunner#testSimulatorRunning,,8273,381,3,0,0,0,0,0,0,0,1,0,-8273
Hadoop,hadoop-tools/hadoop-sls,org.apache.hadoop.yarn.sls.TestSLSRunner#testEnableCaching,,41,2,3,0,0,0,0,0,0,0,1,0,-41
Hadoop,hadoop-tools/hadoop-sls,org.apache.hadoop.yarn.sls.TestSLSDagAMSimulator#testSimulatorRunning,2 x 1 x 1 x 2 = 4,4457,218,1,0,0,0,4671,225,2,0,0,0,214
Hadoop,hadoop-tools/hadoop-sls,org.apache.hadoop.yarn.sls.TestReservationSystemInvariants#testSimulatorRunning,2 x 1 x 1 x 1 = 2,9899,461,2,0,0,0,9899,461,2,0,0,0,0
Hadoop,hadoop-tools/hadoop-sls,org.apache.hadoop.yarn.sls.TestSLSGenericSynth#testSimulatorRunning,2 x 1 x 1 x 2 = 4,7207,310,1,0,0,0,9714,461,2,0,0,0,2507
Hadoop,hadoop-tools/hadoop-azure,org.apache.hadoop.fs.azurebfs.ITestAbfsIdentityTransformer#testDaemonServiceSettingIdentity,,0,0,0,0,0,0,0,0,0,0,0,0,0
Hadoop,hadoop-tools/hadoop-azure,org.apache.hadoop.fs.azurebfs.ITestAbfsIdentityTransformer#testFullyQualifiedNameSettingIdentity,,0,0,0,0,0,0,0,0,0,0,0,0,0
Hadoop,hadoop-tools/hadoop-azure,org.apache.hadoop.fs.azurebfs.ITestAbfsIdentityTransformer#testNoOpForSettingOidAsIdentity,,0,0,0,0,0,0,0,0,0,0,0,0,0
Hadoop,hadoop-tools/hadoop-azure,org.apache.hadoop.fs.azurebfs.ITestAbfsIdentityTransformer#testNoOpWhenSettingSuperUserAsdentity,,0,0,0,0,0,0,0,0,0,0,0,0,0
Hadoop,hadoop-tools/hadoop-azure,org.apache.hadoop.fs.azurebfs.ITestAbfsIdentityTransformer#testIdentityReplacementForSuperUserGetRequest,,0,0,0,0,0,0,0,0,0,0,0,0,0
Hadoop,hadoop-tools/hadoop-azure,org.apache.hadoop.fs.azurebfs.ITestAbfsIdentityTransformer#testIdentityReplacementForDaemonServiceGetRequest,,0,0,0,0,0,0,0,0,0,0,0,0,0
Hadoop,hadoop-tools/hadoop-azure,org.apache.hadoop.fs.azurebfs.ITestAbfsIdentityTransformer#testIdentityReplacementForKinitUserGetRequest,,0,0,0,0,0,0,0,0,0,0,0,0,0
Hadoop,hadoop-tools/hadoop-azure,org.apache.hadoop.fs.azurebfs.ITestAbfsIdentityTransformer#transformAclEntriesForSetRequest,,0,0,0,0,0,0,0,0,0,0,0,0,0
Hadoop,hadoop-tools/hadoop-azure,org.apache.hadoop.fs.azurebfs.ITestAbfsIdentityTransformer#transformAclEntriesForGetRequest,,0,0,0,0,0,0,0,0,0,0,0,0,0
Hadoop,hadoop-tools/hadoop-azure,org.apache.hadoop.fs.azurebfs.ITestAzureBlobFileSystemStoreListStatusWithRange#testListWithRange,2 x 8 x 4 x 2 = 128,0,0,0,0,0,0,0,0,0,0,0,0,0
Hadoop,hadoop-tools/hadoop-azure,org.apache.hadoop.fs.azurebfs.ITestAbfsHugeFiles#testHugeFileWrite,2 x 3 = 6,0,0,0,0,0,6,0,0,0,0,0,6,0
Hadoop,hadoop-tools/hadoop-azure,org.apache.hadoop.fs.azurebfs.ITestAbfsHugeFiles#testLotsOfWrites,2 x 3 = 6,0,0,0,0,0,6,0,0,0,0,0,6,0
Hadoop,hadoop-tools/hadoop-azure,org.apache.hadoop.fs.azurebfs.ITestAbfsReadWriteAndSeek#testReadAndWriteWithDifferentBufferSizesAndSeek,3 x 2 = 6,0,0,0,0,0,5,0,0,0,0,0,6,0
Hadoop,hadoop-tools/hadoop-azure,org.apache.hadoop.fs.azurebfs.ITestAbfsReadWriteAndSeek#testReadAheadRequestID,3 x 2 = 6,0,0,0,0,0,5,0,0,0,0,0,6,0
Hadoop,hadoop-tools/hadoop-azure,org.apache.hadoop.fs.azurebfs.ITestSmallWriteOptimization#testSmallWriteOptimization,48 x 2 x 2 x 2 x 5 x 2 x 2 = 7680,0,0,0,0,0,48,0,0,0,0,0,0,0
Hadoop,hadoop-tools/hadoop-azure,org.apache.hadoop.fs.azurebfs.ITestClientUrlScheme#testClientUrlScheme,2 x 2 = 4,0,0,0,0,0,4,0,0,0,0,4,0,0
Hadoop,hadoop-tools/hadoop-azure,org.apache.hadoop.fs.azurebfs.ITestAzureBlobFileSystemRenameUnicode#testRenameFileUsingUnicode,5 x 5 x 5 = 125,0,0,0,0,0,5,0,0,0,0,125,0,0
Hadoop,hadoop-tools/hadoop-azure,org.apache.hadoop.fs.azurebfs.services.ITestAbfsRestOperation#testExpectHundredContinue,2 x 5 x 5 x 2 = 100,0,0,0,0,0,6,0,0,0,0,100,0,0
Hadoop,hadoop-hdfs-project/hadoop-hdfs-httpfs,org.apache.hadoop.lib.server.TestServerConstructor#constructorFail,,108,6,15,0,0,0,0,0,0,0,1,0,-108
Hadoop,hadoop-hdfs-project/hadoop-hdfs-httpfs,org.apache.hadoop.fs.http.client.BaseTestHttpFSWith#testOperation,,0,0,0,0,0,0,0,0,0,0,0,0,0
Hadoop,hadoop-hdfs-project/hadoop-hdfs-httpfs,org.apache.hadoop.fs.http.client.BaseTestHttpFSWith#testOperationDoAs,,0,0,0,0,0,0,0,0,0,0,0,0,0
Hadoop,hadoop-hdfs-project/hadoop-hdfs,org.apache.hadoop.hdfs.TestReadStripedFileWithDecodingCorruptData#testReadCorruptedData,2 x 3 x 3 = 18,98528,6575,12,0,0,0,98477,6574,12,6,0,0,-51
Hadoop,hadoop-hdfs-project/hadoop-hdfs,org.apache.hadoop.hdfs.web.TestWebHdfsWithRestCsrfPreventionFilter#testCreate,2 x 2 x 2 = 8,72886,4334,8,0,0,0,72880,4333,8,0,0,0,-6
Hadoop,hadoop-hdfs-project/hadoop-hdfs,org.apache.hadoop.hdfs.web.TestWebHdfsWithRestCsrfPreventionFilter#testDelete,2 x 2 x 2 = 8,83646,5318,8,0,0,0,83643,5319,8,0,0,0,-3
Hadoop,hadoop-hdfs-project/hadoop-hdfs,org.apache.hadoop.hdfs.web.TestWebHdfsWithRestCsrfPreventionFilter#testGetFileStatus,2 x 2 x 2 = 8,67021,3879,8,0,0,0,67005,3872,8,0,0,0,-16
Hadoop,hadoop-hdfs-project/hadoop-hdfs,org.apache.hadoop.hdfs.web.TestWebHdfsWithRestCsrfPreventionFilter#testTruncate,2 x 2 x 2 = 8,83596,5308,8,0,0,0,83599,5310,8,0,0,0,3
Hadoop,hadoop-hdfs-project/hadoop-hdfs,org.apache.hadoop.hdfs.TestReadStripedFileWithDNFailure#testReadWithDNFailure,2 x 3 = 6,87714,5713,6,0,0,0,87417,5694,6,0,0,0,-297
Hadoop,hadoop-hdfs-project/hadoop-hdfs,org.apache.hadoop.hdfs.server.namenode.ha.TestFailureToReadEdits#testFailuretoReadEdits,2 x 1 = 2,64022,3935,2,0,0,0,63984,3930,2,0,0,0,-38
Hadoop,hadoop-hdfs-project/hadoop-hdfs,org.apache.hadoop.hdfs.server.namenode.ha.TestFailureToReadEdits#testCheckpointStartingMidEditsFile,2 x 1 = 2,62736,3852,2,0,0,0,62736,3852,2,0,0,0,0
Hadoop,hadoop-hdfs-project/hadoop-hdfs,org.apache.hadoop.hdfs.server.namenode.ha.TestFailureToReadEdits#testFailureToReadEditsOnTransitionToActive,2 x 1 = 2,64969,3995,2,0,0,0,64965,3994,2,0,0,0,-4
Hadoop,hadoop-hdfs-project/hadoop-hdfs,org.apache.hadoop.hdfs.TestBlockTokenWrappingQOP#testAddBlockWrappingQOP,3 x 3 = 9,73849,4466,3,0,0,0,73849,4466,3,6,0,0,0
Hadoop,hadoop-hdfs-project/hadoop-hdfs,org.apache.hadoop.hdfs.TestBlockTokenWrappingQOP#testAppendWrappingQOP,3 x 3 = 9,86017,5475,3,0,0,0,86084,5479,3,6,0,0,67
Hadoop,hadoop-hdfs-project/hadoop-hdfs,org.apache.hadoop.hdfs.TestBlockTokenWrappingQOP#testGetBlockLocationWrappingQOP,3 x 3 = 9,85717,5504,3,0,0,0,85717,5507,3,6,0,0,0
Hadoop,hadoop-hdfs-project/hadoop-hdfs,org.apache.hadoop.hdfs.TestReadStripedFileWithDecodingDeletedData#testReadCorruptedDataByDeleting,2 x 3 x 3 = 18,97787,6488,12,0,0,0,98256,6530,12,6,0,0,469
